{
  "total_generated_solutions": 5,
  "total_valid_solutions": 5,
  "island_feature_map": [
    {
      "2-0-2": "c6427b35",
      "0-0-3": "3276e1e9",
      "0-2-2": "1945e9b3",
      "0-3-0": "d08692d9",
      "3-0-3": "04f160ca"
    }
  ],
  "islands": [
    [
      "1945e9b3",
      "d08692d9",
      "3276e1e9",
      "c6427b35",
      "04f160ca"
    ]
  ],
  "elites": [
    "1945e9b3",
    "d08692d9",
    "3276e1e9",
    "c6427b35",
    "04f160ca"
  ],
  "best_solution_id": "04f160ca",
  "island_best_solution": [
    "04f160ca"
  ],
  "last_iteration": 5,
  "current_island": 0,
  "island_capacity": [
    5
  ],
  "last_migration_generation": 0,
  "feature_stats": {
    "complexity": {
      "min": 6268.0,
      "max": 7379.0,
      "values": [
        7379.0,
        7313.0,
        7077.0,
        6268.0,
        7313.0
      ]
    },
    "score": {
      "min": 54.76225281403229,
      "max": 777.0144155333306,
      "values": [
        70.55411036689826,
        97.00513604361836,
        88.28860265533969,
        54.76225281403229,
        777.0144155333306
      ]
    },
    "diversity": {
      "min": 138.56666666666666,
      "max": 192.83333333333334,
      "values": [
        152.14999999999998,
        192.83333333333334,
        138.56666666666666
      ]
    }
  }
}