{
  "total_generated_solutions": 3,
  "total_valid_solutions": 3,
  "island_feature_map": [
    {
      "2-0-2": "c6427b35",
      "0-0-3": "3276e1e9",
      "0-2-2": "1945e9b3"
    }
  ],
  "islands": [
    [
      "1945e9b3",
      "c6427b35",
      "3276e1e9"
    ]
  ],
  "elites": [
    "1945e9b3",
    "c6427b35",
    "3276e1e9"
  ],
  "best_solution_id": "3276e1e9",
  "island_best_solution": [
    "3276e1e9"
  ],
  "last_iteration": 3,
  "current_island": 0,
  "island_capacity": [
    3
  ],
  "last_migration_generation": 0,
  "feature_stats": {
    "complexity": {
      "min": 7077.0,
      "max": 7379.0,
      "values": [
        7379.0,
        7313.0,
        7077.0
      ]
    },
    "score": {
      "min": 70.55411036689826,
      "max": 97.00513604361836,
      "values": [
        70.55411036689826,
        97.00513604361836,
        88.28860265533969
      ]
    },
    "diversity": {
      "min": 152.14999999999998,
      "max": 152.14999999999998,
      "values": [
        152.14999999999998
      ]
    }
  }
}