{
  "total_generated_solutions": 4,
  "total_valid_solutions": 2,
  "island_feature_map": [
    {
      "2-0-2": "ee397e71",
      "0-0-0": "b10c8693"
    }
  ],
  "islands": [
    [
      "b10c8693",
      "ee397e71"
    ]
  ],
  "elites": [
    "b10c8693",
    "ee397e71"
  ],
  "best_solution_id": "ee397e71",
  "island_best_solution": [
    "ee397e71"
  ],
  "last_iteration": 5,
  "current_island": 0,
  "island_capacity": [
    2
  ],
  "last_migration_generation": 0,
  "feature_stats": {
    "complexity": {
      "min": 9124.0,
      "max": 9161.0,
      "values": [
        9161.0,
        9124.0
      ]
    },
    "score": {
      "min": 3.405059464159694,
      "max": 3.4510206816840587,
      "values": [
        3.4510206816840587,
        3.405059464159694
      ]
    }
  }
}