{
  "total_generated_solutions": 4,
  "total_valid_solutions": 4,
  "island_feature_map": [
    {
      "2-0-2": "9d23816d",
      "3-0-3": "79c5d9ac",
      "3-2-3": "ad140a97"
    }
  ],
  "islands": [
    [
      "2ee9841c",
      "79c5d9ac",
      "9d23816d",
      "ad140a97"
    ]
  ],
  "elites": [
    "79c5d9ac",
    "9d23816d",
    "ad140a97"
  ],
  "best_solution_id": "79c5d9ac",
  "island_best_solution": [
    "79c5d9ac"
  ],
  "last_iteration": 4,
  "current_island": 0,
  "island_capacity": [
    4
  ],
  "last_migration_generation": 0,
  "feature_stats": {
    "complexity": {
      "min": 8195.0,
      "max": 16339.0,
      "values": [
        8195.0,
        15863.0,
        16253.0,
        16339.0
      ]
    },
    "score": {
      "min": 0.6335384431504916,
      "max": 4.298404375599152,
      "values": [
        0.6335384431504916,
        3.9437237907140594,
        4.167984400424089,
        4.298404375599152
      ]
    },
    "diversity": {
      "min": 1263.5333333333333,
      "max": 1687.4,
      "values": [
        1687.4,
        1263.5333333333333
      ]
    }
  }
}