{
  "generated_at_utc": "2026-04-25T09:14:16.990483+00:00",
  "definition": "gdn_decode_qk4_v8_d128_k_last",
  "results": {
    "gdn_decode_qk4_v8_d128_k_last": {
      "9f238670-9a56-4ab9-94f9-555755f32205": {
        "status": "PASSED",
        "latency_ms": 0.00303,
        "reference_latency_ms": 3.69241,
        "speedup_factor": 1216.6758,
        "max_abs_error": 3.73e-08,
        "max_rel_error": 0.0152
      },
      "5716e24a-3f55-411a-bcd8-e6b677b1ca7e": {
        "status": "PASSED",
        "latency_ms": 0.00247,
        "reference_latency_ms": 1.49204,
        "speedup_factor": 603.0065,
        "max_abs_error": 1.79e-07,
        "max_rel_error": 0.000892
      },
      "798635cf-d424-4343-a959-c96b0c0e81fb": {
        "status": "PASSED",
        "latency_ms": 0.00245,
        "reference_latency_ms": 1.03509,
        "speedup_factor": 421.9134,
        "max_abs_error": 1.19e-07,
        "max_rel_error": 0.00198
      },
      "6d929bff-d051-4e1d-acbf-7d0cc13f6dc8": {
        "status": "PASSED",
        "latency_ms": 0.00303,
        "reference_latency_ms": 5.93258,
        "speedup_factor": 1958.1642,
        "max_abs_error": 2.38e-07,
        "max_rel_error": 0.0165
      },
      "d0e91dea-aa1b-46c8-a67c-b2814f5a1725": {
        "status": "PASSED",
        "latency_ms": 0.00246,
        "reference_latency_ms": 1.02648,
        "speedup_factor": 416.6182,
        "max_abs_error": 5.96e-08,
        "max_rel_error": 0.00695
      },
      "9a92acbc-6104-48c6-8176-601feee30001": {
        "status": "PASSED",
        "latency_ms": 0.00303,
        "reference_latency_ms": 3.78483,
        "speedup_factor": 1249.3923,
        "max_abs_error": 1.19e-07,
        "max_rel_error": 0.00712
      },
      "deecf42e-dfae-4061-936f-0af4d892c231": {
        "status": "PASSED",
        "latency_ms": 0.00306,
        "reference_latency_ms": 3.78725,
        "speedup_factor": 1237.1245,
        "max_abs_error": 2.09e-07,
        "max_rel_error": 0.0129
      },
      "22d5cef5-4f30-4f43-9d5f-0e9e95dc2201": {
        "status": "PASSED",
        "latency_ms": 0.00247,
        "reference_latency_ms": 1.02996,
        "speedup_factor": 416.2,
        "max_abs_error": 1.49e-07,
        "max_rel_error": 0.00825
      },
      "aed4bdd4-3139-4a1b-ae2f-aab8d4ba4090": {
        "status": "PASSED",
        "latency_ms": 0.00244,
        "reference_latency_ms": 1.02223,
        "speedup_factor": 419.4064,
        "max_abs_error": 2.24e-08,
        "max_rel_error": 0.00517
      },
      "a5714b69-525c-4b95-bb7a-a0f9770c2f48": {
        "status": "PASSED",
        "latency_ms": 0.00246,
        "reference_latency_ms": 1.03074,
        "speedup_factor": 419.1969,
        "max_abs_error": 2.38e-07,
        "max_rel_error": 0.0537
      },
      "901e5104-dccb-4c3f-ae13-ef4d31a4d456": {
        "status": "PASSED",
        "latency_ms": 0.00242,
        "reference_latency_ms": 1.02624,
        "speedup_factor": 423.8308,
        "max_abs_error": 2.98e-08,
        "max_rel_error": 0.00451
      },
      "494844dc-80e9-41e9-9fe2-3d2618fdef64": {
        "status": "PASSED",
        "latency_ms": 0.00306,
        "reference_latency_ms": 3.59582,
        "speedup_factor": 1174.5937,
        "max_abs_error": 7.45e-08,
        "max_rel_error": 0.00369
      },
      "49a125e5-edf0-492e-a8b3-3676d14adaa3": {
        "status": "PASSED",
        "latency_ms": 0.00247,
        "reference_latency_ms": 1.16568,
        "speedup_factor": 470.983,
        "max_abs_error": 2.53e-07,
        "max_rel_error": 0.0025
      },
      "ec9d2340-6d13-40e4-a6fe-4483a1cacd0d": {
        "status": "PASSED",
        "latency_ms": 0.00303,
        "reference_latency_ms": 3.63616,
        "speedup_factor": 1200.3162,
        "max_abs_error": 1.19e-07,
        "max_rel_error": 0.00514
      },
      "fa90b213-3ad2-4a42-9173-97fbf9e2e809": {
        "status": "PASSED",
        "latency_ms": 0.00306,
        "reference_latency_ms": 3.52676,
        "speedup_factor": 1152.0954,
        "max_abs_error": 9.54e-07,
        "max_rel_error": 0.0277
      },
      "26f760ab-c286-41bf-8c37-3bc5df4c98fc": {
        "status": "PASSED",
        "latency_ms": 0.00302,
        "reference_latency_ms": 3.57208,
        "speedup_factor": 1183.201,
        "max_abs_error": 1.64e-07,
        "max_rel_error": 0.0149
      },
      "4c7df22f-70ef-4494-864f-6f10209ab0f3": {
        "status": "PASSED",
        "latency_ms": 0.00247,
        "reference_latency_ms": 1.00984,
        "speedup_factor": 408.9524,
        "max_abs_error": 3.58e-07,
        "max_rel_error": 0.033
      },
      "7464a1d6-b0dd-4061-b15a-ebdabf47e351": {
        "status": "PASSED",
        "latency_ms": 0.00405,
        "reference_latency_ms": 7.29945,
        "speedup_factor": 1800.7777,
        "max_abs_error": 9.54e-07,
        "max_rel_error": 0.0157
      },
      "25d1f606-3e9e-49e6-a3f0-991092c7a845": {
        "status": "PASSED",
        "latency_ms": 0.00403,
        "reference_latency_ms": 7.26721,
        "speedup_factor": 1802.4574,
        "max_abs_error": 5.96e-08,
        "max_rel_error": 0.00655
      },
      "61dfd334-971b-4a44-a8a8-f00950192745": {
        "status": "PASSED",
        "latency_ms": 0.00402,
        "reference_latency_ms": 6.98781,
        "speedup_factor": 1737.6855,
        "max_abs_error": 2.38e-07,
        "max_rel_error": 0.00922
      },
      "fe2e6584-17d0-4025-ad44-db9e507f6bed": {
        "status": "PASSED",
        "latency_ms": 0.00406,
        "reference_latency_ms": 7.69675,
        "speedup_factor": 1893.8855,
        "max_abs_error": 2.09e-07,
        "max_rel_error": 0.0149
      },
      "ca62112d-68e8-4eb7-a318-26c48d256e10": {
        "status": "PASSED",
        "latency_ms": 0.00409,
        "reference_latency_ms": 11.83451,
        "speedup_factor": 2896.947,
        "max_abs_error": 8.94e-08,
        "max_rel_error": 0.0137
      },
      "3daa0974-293c-4414-b3c2-1f04368c1189": {
        "status": "PASSED",
        "latency_ms": 0.0025,
        "reference_latency_ms": 1.71924,
        "speedup_factor": 688.7961,
        "max_abs_error": 2.24e-08,
        "max_rel_error": 0.00523
      },
      "abec5d32-2409-4412-8683-472f3a091a54": {
        "status": "PASSED",
        "latency_ms": 0.00407,
        "reference_latency_ms": 12.36314,
        "speedup_factor": 3034.1485,
        "max_abs_error": 2.09e-07,
        "max_rel_error": 0.0268
      },
      "2640f1e3-4b02-4041-bdc1-59a28e0b9954": {
        "status": "PASSED",
        "latency_ms": 0.00403,
        "reference_latency_ms": 7.09397,
        "speedup_factor": 1759.4179,
        "max_abs_error": 1.79e-07,
        "max_rel_error": 0.0241
      },
      "f0507025-1db0-48de-b3d6-4faad5632558": {
        "status": "PASSED",
        "latency_ms": 0.00491,
        "reference_latency_ms": 24.22382,
        "speedup_factor": 4936.9195,
        "max_abs_error": 9.54e-07,
        "max_rel_error": 0.0612
      },
      "63d4cb66-d6f6-4ceb-8083-0c0fb4abece9": {
        "status": "PASSED",
        "latency_ms": 0.00491,
        "reference_latency_ms": 24.07925,
        "speedup_factor": 4907.4567,
        "max_abs_error": 3.58e-07,
        "max_rel_error": 0.0402
      },
      "40940a4c-1348-416d-aea1-f3183548229b": {
        "status": "PASSED",
        "latency_ms": 0.0074,
        "reference_latency_ms": 69.99547,
        "speedup_factor": 9462.2574,
        "max_abs_error": 3.87e-07,
        "max_rel_error": 0.0988
      },
      "d0acf04a-5919-4bf3-95ca-94fbef5786c0": {
        "status": "PASSED",
        "latency_ms": 0.00491,
        "reference_latency_ms": 14.44802,
        "speedup_factor": 2944.4686,
        "max_abs_error": 7.63e-06,
        "max_rel_error": 0.0294
      },
      "ac83f1e4-982e-41a5-8c02-7ccc14c728d4": {
        "status": "PASSED",
        "latency_ms": 0.00493,
        "reference_latency_ms": 13.97323,
        "speedup_factor": 2835.4765,
        "max_abs_error": 2.38e-07,
        "max_rel_error": 0.0121
      },