{
  "total_generated_solutions": 3,
  "total_valid_solutions": 3,
  "island_feature_map": [
    {
      "2-0-2": "9d23816d",
      "3-0-3": "2ee9841c",
      "3-2-3": "ad140a97"
    }
  ],
  "islands": [
    [
      "2ee9841c",
      "9d23816d",
      "ad140a97"
    ]
  ],
  "elites": [
    "2ee9841c",
    "9d23816d",
    "ad140a97"
  ],
  "best_solution_id": "ad140a97",
  "island_best_solution": [
    "ad140a97"
  ],
  "last_iteration": 3,
  "current_island": 0,
  "island_capacity": [
    3
  ],
  "last_migration_generation": 0,
  "feature_stats": {
    "complexity": {
      "min": 8195.0,
      "max": 16253.0,
      "values": [
        8195.0,
        15863.0,
        16253.0
      ]
    },
    "score": {
      "min": 0.6335384431504916,
      "max": 4.167984400424089,
      "values": [
        0.6335384431504916,
        3.9437237907140594,
        4.167984400424089
      ]
    },
    "diversity": {
      "min": 1687.4,
      "max": 1687.4,
      "values": [
        1687.4
      ]
    }
  }
}