{
  "generated_at_utc": "2026-04-25T15:12:26.481573+00:00",
  "definition": "moe_fp8_block_scale_ds_routing_topk8_ng8_kg4_e32_h7168_i2048",
  "results": {
    "moe_fp8_block_scale_ds_routing_topk8_ng8_kg4_e32_h7168_i2048": {
      "b8f4f012-a32e-4356-b4e1-7665b3d598af": {
        "status": "PASSED",
        "latency_ms": 0.10607,
        "reference_latency_ms": 11.27839,
        "speedup_factor": 106.3312,
        "max_abs_error": 12300.0,
        "max_rel_error": 8500.0
      },
      "8cba5890-4288-448a-93b8-42c14c6b9420": {
        "status": "PASSED",
        "latency_ms": 0.15331,
        "reference_latency_ms": 12.22627,
        "speedup_factor": 79.7506,
        "max_abs_error": 20500.0,
        "max_rel_error": 1390.0
      },
      "2e69caee-ae5c-473b-aa99-5dc6659829d4": {
        "status": "PASSED",
        "latency_ms": 0.08614,
        "reference_latency_ms": 12.03564,
        "speedup_factor": 139.7259,
        "max_abs_error": 15400.0,
        "max_rel_error": 5250.0
      },
      "6230e838-67ca-41dd-a9d6-6f36b7676c6b": {
        "status": "PASSED",
        "latency_ms": 0.22407,
        "reference_latency_ms": 15.66583,
        "speedup_factor": 69.9136,
        "max_abs_error": 18200.0,
        "max_rel_error": 8550.0
      },
      "1a4c6ba1-3cd2-4d7d-b716-84f2d52b69fc": {
        "status": "PASSED",
        "latency_ms": 0.31769,
        "reference_latency_ms": 20.88528,
        "speedup_factor": 65.7403,
        "max_abs_error": 356000.0,
        "max_rel_error": 33200000000000.0
      },
      "5e8dc11c-f2a9-42d5-8dce-9419cbf34d5d": {
        "status": "PASSED",
        "latency_ms": 1.1899,
        "reference_latency_ms": 46.25397,
        "speedup_factor": 38.8723,
        "max_abs_error": 450000.0,
        "max_rel_error": 6820000.0
      },
      "58a34f27-7995-4155-8b46-f60a7225e20e": {
        "status": "PASSED",
        "latency_ms": 0.86713,
        "reference_latency_ms": 35.77914,
        "speedup_factor": 41.2618,
        "max_abs_error": 542000.0,
        "max_rel_error": 37300000000000.0
      },
      "e05c6c03-5603-4a1c-b34c-dcce0ecaeea4": {
        "status": "PASSED",
        "latency_ms": 0.07024,
        "reference_latency_ms": 10.84839,
        "speedup_factor": 154.4492,
        "max_abs_error": 12300.0,
        "max_rel_error": 1240.0
      },
      "a7c2bcfd-a2f4-479e-8d32-200115df89cf": {
        "status": "PASSED",
        "latency_ms": 0.1591,
        "reference_latency_ms": 12.49582,
        "speedup_factor": 78.5417,
        "max_abs_error": 19500.0,
        "max_rel_error": 234000.0
      },
      "8f1ff9f1-6747-41d1-a1d8-2868cdacf893": {
        "status": "PASSED",
        "latency_ms": 0.27236,
        "reference_latency_ms": 16.40017,
        "speedup_factor": 60.2149,
        "max_abs_error": 285000.0,
        "max_rel_error": 28700.0
      },
      "5eadab1e-a0e3-4966-b0fd-1115cd77497c": {
        "status": "PASSED",
        "latency_ms": 0.18857,
        "reference_latency_ms": 13.76916,
        "speedup_factor": 73.0186,
        "max_abs_error": 18400.0,
        "max_rel_error": 2760.0
      },
      "eedc63b2-c03b-4cf2-8d16-1f46566e3af7": {
        "status": "PASSED",
        "latency_ms": 0.20748,
        "reference_latency_ms": 15.13221,
        "speedup_factor": 72.9325,
        "max_abs_error": 267000.0,
        "max_rel_error": 77300.0
      },
      "74d7ff04-0365-4cf8-a824-ce61b7131dea": {
        "status": "PASSED",
        "latency_ms": 0.23679,
        "reference_latency_ms": 14.97513,
        "speedup_factor": 63.2428,
        "max_abs_error": 20500.0,
        "max_rel_error": 106000.0
      },
      "fc378037-e8fa-4305-b00f-4af47933fd53": {
        "status": "PASSED",
        "latency_ms": 0.22577,
        "reference_latency_ms": 16.08635,
        "speedup_factor": 71.2506,
        "max_abs_error": 19500.0,
        "max_rel_error": 62800.0
      },
      "4822167c-dae5-4bb1-bb53-e4adb256245b": {
        "status": "PASSED",
        "latency_ms": 0.2512,
        "reference_latency_ms": 15.06499,
        "speedup_factor": 59.9711,
        "max_abs_error": 374000.0,
        "max_rel_error": 83900.0
      },
      "81955b1e-086f-49c1-9f40-a18a5aaf509d": {
        "status": "PASSED",
        "latency_ms": 0.23365,
        "reference_latency_ms": 14.58633,
        "speedup_factor": 62.4274,
        "max_abs_error": 342000.0,
        "max_rel_error": 7320.0
      },
      "e626d3e6-6c29-4fd8-bb7c-5b09eec61702": {
        "status": "PASSED",
        "latency_ms": 0.24592,
        "reference_latency_ms": 15.62402,
        "speedup_factor": 63.533,
        "max_abs_error": 16900.0,
        "max_rel_error": 1800.0
      },
      "f7d6ac7c-24ec-47e4-aefc-4863a5e3e1d9": {
        "status": "PASSED",
        "latency_ms": 0.18708,
        "reference_latency_ms": 13.02849,
        "speedup_factor": 69.6407,
        "max_abs_error": 15400.0,
        "max_rel_error": 3620.0
      },
      "76010cb4-f73c-4145-8365-8642a2ce99de": {
        "status": "PASSED",
        "latency_ms": 0.23707,
        "reference_latency_ms": 19.72438,
        "speedup_factor": 83.2014,
        "max_abs_error": 14300.0,
        "max_rel_error": 9710.0
      }
    }
  },
  "summary": {
    "moe_fp8_block_scale_ds_routing_topk8_ng8_kg4_e32_h7168_i2048": {
      "total_workloads": 19,
      "passed_workloads": 19,
      "failed_workloads": 0,
      "passed_with_latency": 19,
      "passed_with_reference_latency": 19,
      "passed_with_speedup": 19,
      "avg_latency_ms": 0.28734421052631576,
      "median_latency_ms": 0.22577,
      "p95_latency_ms": 0.86713,
      "min_latency_ms": 0.07024,
      "max_latency_ms": 1.1899,
      "avg_reference_latency_ms": 17.466313684210526,
      "median_reference_latency_ms": 15.06499,
      "p95_reference_latency_ms": 35.77914,
      "avg_speedup_factor": 76.52734736842105,
      "median_speedup_factor": 69.9136,
      "p95_speedup_factor": 139.7259,
      "min_speedup_factor": 38.8723,
      "max_speedup_factor": 154.4492
    }
  },
  "meta": {
    "completed": 19,
    "total": 19,
    "passed": 19,
    "failed": 0,
    "estimated_time_s": 171.0,
    "real_time_s": 146.18191003799438,
    "started": "2026-04-25T15:10:00.299017+00:00",
    "finished": "2026-04-25T15:12:26.481329+00:00"
  }
}